{"cameraMode":{"drawMode":0,"name":"Shaded","section":"Shading Mode"},"sceneLighting":true,"audioPlay":false,"sceneViewState":{"m_AlwaysRefresh":false,"showFog":true,"showSkybox":true,"showFlares":true,"showImageEffects":true,"showParticleSystems":true,"showVisualEffectGraphs":true,"m_FxEnabled":true},"in2DMode":false,"pivot":{"x":2.486999988555908,"y":1.8320000171661378,"z":-1.7480000257492066},"rotation":{"x":0.04655558988451958,"y":0.8873582482337952,"z":0.09189038723707199,"w":-0.44950318336486819},"size":0.4330126941204071,"orthographic":false}